label,text
site_info,сайт
site_info,саит
site_info,сайты
site_info,расскажи про сайт
site_info,что за сайт
site_info,расскажи об этом сайте
site_info,информация о сайте
site_info,что ты знаешь про сайт
site_info,какой это сайт
site_info,о чём этот сайт
site_info,объясни про сайт
site_info,что за саит
site_info,раскажи об етом сайте
site_info,информация о саите
site_info,што ты знаеш про сайт
site_info,какой ето саит
site_info,о чём етот сайт
site_info,объесни про саит
site_info,что это за вебсайт
site_info,про что этот сайт
site_info,для чего этот сайт
site_info,что представляет собой сайт
site_info,что ты знаешь об этом ресурсе
site_info,этот сайт для чего
site_info,что включает в себя сайт
site_info,объясни суть сайта
site_info,зачем этот сайт
site_info,сайт предназначен для
site_info,расскажи об этом ресурсе
site_info,что о сайте можешь рассказать
site_info,какая цель этого сайта
site_info,какая информация на этом сайте
site_info,что особенного на сайте
site_info,зачем создан этот сайт
site_info,какова цель сайта
site_info,какие функции у сайта
site_info,что включает сайт
site_info,о чём сайт вообще
site_info,объясни принцип работы сайта
site_info,что можно найти на сайте
site_info,расскажи об особенностях сайта
site_info,что важного на этом сайте
site_info,чем интересен сайт
site_info,какая цель у сайта
site_info,что в себе содержит сайт
site_info,что полезного на сайте
site_info,как работает этот сайт
site_info,этот сайт для чего предназначен
legend_info,покажи легенду
legend_info,расскажи легенду
legend_info,что означает эта легенда
legend_info,поясни легенду
legend_info,легенда это что
legend_info,о чём говорит эта легенда
legend_info,как понять эту легенду
legend_info,што означает ета легенда
legend_info,посяни легенду
legend_info,легенда ето што
legend_info,о чём говарит ета легенда
legend_info,как понять ету легенду
legend_info,что обозначает эта легенда
legend_info,расскажи что значит эта легенда
legend_info,что стоит за этой легендой
legend_info,поясни значение легенды
legend_info,расскажи что в легенде
legend_info,как расшифровать легенду
legend_info,о чём эта легенда говорит
legend_info,что показывает эта легенда
legend_info,поясни как понять эту легенду
legend_info,легенда объясняет что
legend_info,что нужно понимать под легендой
legend_info,как истолковать эту легенду
legend_info,о чём эта информация в легенде
legend_info,как интерпретировать легенду
legend_info,что нам говорит эта легенда
legend_info,раскрой значение легенды
legend_info,что в этой легенде за смысл
legend_info,легенда на что указывает
legend_info,как интерпретировать значения легенды
legend_info,что обозначает данная легенда
legend_info,какова суть этой легенды
legend_info,чем полезна эта легенда
legend_info,что делает эта легенда важной
legend_info,покажи смысл этой легенды
open_card,покажи карту
open_card,открой карту
open_card,карта
open_card,хочу увидеть карту
open_card,покажи местность на карте
open_card,где карта
open_card,отобрази карту
open_card,покажи план местности
open_card,аткрой карту
open_card,карата
open_card,хочу увиеть карту
open_card,покажи местнасть на карте
open_card,где карата
open_card,отобрази карату
open_card,покажи план местнасти
open_card,где же карта
open_card,как посмотреть карту
open_card,есть карта
open_card,карта местности
open_card,включи карту
open_card,как открыть карту
open_card,отобрази план
open_card,покажи карту местности
open_card,дай мне карту
open_card,как найти карту
open_card,что на карте
open_card,отобрази местность
open_card,где карта расположена
open_card,что на карте изображено
open_card,покажи карту области
disability_group,расскажи про группу инвалидности
disability_group,какая это группа
disability_group,расскажи об инвалидности
disability_group,что это за группа инвалидности
disability_group,объясни про инвалидность
disability_group,какие бывают группы инвалидности?
disability_group,объясни группы инвалидности
disability_group,какая ето группа
disability_group,раскажи об инвалидности
disability_group,што ето за группа инвалидности
disability_group,объесни про инвалидность
disability_group,какие быывают группы инвалидности?
disability_group,объесни группы инвалидности
path,как добраться от до
path,построй маршрут до
path,как дойти до
path,как пройти к
path,покажи маршрут от до
path,как мне попасть в
path,как доехать до
path,маршрут до
path,как дабраться от до
path,пастрой маршрут до
path,как прайти к
path,покажи маршут от до
path,как мне патрапить в
path,как доехат до
search_radius,найди все адреса в радиусе
search_radius,какие адреса есть в радиусе
search_radius,поиск адресов в радиусе
search_radius,адреса поблизости
search_radius,найди объекты рядом
search_radius,что есть поблизости
search_radius,поиск вокруг
search_radius,какие адреса ест в радиусе
search_radius,поиск адресов в радиусе
search_radius,адреса поблизи
search_radius,найди абьекты рядом
search_radius,што ест поблизи
search_radius,поиск вакруг
detailed_info,расскажи подробнее о
detailed_info,покажи подробности о
detailed_info,подробная информация о
detailed_info,что ты знаешь о
detailed_info,дай больше информации о
detailed_info,объясни подробнее про
detailed_info,хочу знать больше о
detailed_info,покажи падробности о
detailed_info,падробная информация о
detailed_info,што ты знаеш о
detailed_info,дай болше информации о
detailed_info,объесни падробнее про
detailed_info,хочу знаеть болше о
search_place,найти мне в поселке/городе школа номер 1
search_place,найди в городе сити молл
search_place,что есть в поселке аура
search_place,поиск в местности мемориал
search_place,что находится в городе памятник
search_place,найди в этом районе проспект ленина
search_place,поиск в поселении баня
search_place,найди в гароде кабанчик
search_place,што ест в паселке школа номер 2
search_place,поиск в местнасти школа номер 6
search_place,найди в етом районе торговый центр югра
search_place,поиск в паселении снежинка
search_place,найди в поселке белый яр
search_place,что есть в поселке снежный
search_place,поиск в местности радужный
search_place,что находится в городе нефтьюганск
search_place,найди в этом районе детский сад
search_place,поиск в поселении одуванчик
search_place,найди в гароде сургут
search_place,што ест в паселке больница для инвалидов
search_place,поиск в местнасти больница для детей
search_place,найди в етом районе больница
search_place,поиск в паселении диспансер
search_place,найди в поселке психоневралогический центр
search_place,что есть в поселке центр помощи больным
search_place,поиск в местности центр помощи инвалидам
search_place,что находится в городе школа номер 1
search_place,найди в этом районе сити молл
search_place,поиск в поселении аура
search_place,найди в городе мемориал
search_place,что есть в поселке памятник
search_place,поиск в местности проспект ленина
search_place,что находится в городе баня
search_place,найди в этом районе кабанчик
search_place,поиск в поселении школа номер 2
search_place,найди в гароде школа номер 6
search_place,што ест в паселке торговый центр югра
search_place,поиск в местнасти снежинка
search_place,найди в етом районе белый яр
search_place,поиск в паселении снежный
search_place,найди в поселке радужный
search_place,что есть в поселке нефтьюганск
search_place,поиск в местности детский сад
search_place,что находится в городе одуванчик
search_place,найди в этом районе сургут
search_place,поиск в поселении больница для инвалидов
search_place,найди в гароде больница для детей
search_place,што ест в паселке больница
search_place,поиск в местнасти диспансер
search_place,найди в етом районе психоневралогический центр
search_place,поиск в паселении центр помощи больным
search_place,найди в поселке центр помощи инвалидам
search_place,что есть в поселке школа номер 1
search_place,поиск в местности сити молл
search_place,что находится в городе аура
search_place,найди в этом районе мемориал
search_place,поиск в поселении памятник
search_place,что есть в поселке проспект ленина
search_place,поиск в местности баня
search_place,что находится в городе кабанчик
search_place,найди в этом районе школа номер 2
search_place,поиск в поселении школа номер 6
search_place,что есть в поселке торговый центр югра
search_place,поиск в местности снежинка
search_place,что находится в городе белый яр
search_place,найди в этом районе снежный
search_place,поиск в поселении радужный
search_place,что есть в поселке нефтьюганск
search_place,поиск в местности детский сад
search_place,что находится в городе одуванчик
search_place,найди в этом районе сургут
search_place,поиск в поселении больница для инвалидов
search_place,что есть в поселке больница для детей
search_place,поиск в местности больница
search_place,что находится в городе диспансер
search_place,найди в этом районе психоневралогический центр
search_place,поиск в поселении центр помощи больным
search_place,что есть в поселке центр помощи инвалидам
search_place,найди в поселке школа номер 1
search_place,поиск в местности сити молл
search_place,что находится в городе аура
search_place,найди в этом районе мемориал
search_place,поиск в поселении памятник
search_place,что есть в поселке проспект ленина
search_place,поиск в местности баня
search_place,что находится в городе кабанчик
search_place,найди в этом районе школа номер 2
search_place,поиск в поселении школа номер 6
search_place,что есть в поселке торговый центр югра
search_place,поиск в местности снежинка
search_place,что находится в городе белый яр
search_place,найди в этом районе снежный
search_place,поиск в поселении радужный
search_place,что есть в поселке нефтьюганск
search_place,поиск в местности детский сад
search_place,что находится в городе одуванчик
search_place,найди в этом районе сургут
search_place,поиск в поселении больница для инвалидов
search_place,что есть в поселке больница для детей
search_place,поиск в местности больница
search_place,что находится в городе диспансер
search_place,найди в этом районе психоневралогический центр
search_place,поиск в поселении центр помощи больным
search_place,что есть в поселке центр помощи инвалидам
legend_place,покажи легенду для Ванзеват
legend_place,расскажи легенду для село
legend_place,легенда для объекта Верхнеказымский
legend_place,какая легенда у Казым
legend_place,объясни легенду объекта Лыхма
legend_place,что за легенда у Нумто
legend_place,расскажи историю объекта Пашторы
legend_place,раскажи легенду для Полноват
legend_place,легенда для абьекта Сорум
legend_place,объесни легенду абьекта Сосновка
legend_place,што за легенда у Тугияны
legend_place,раскажи историю абьекта Юильск
legend_place,покажи легенду для Анеева
legend_place,расскажи легенду для Берёзово
legend_place,легенда для объекта Ванзетур
legend_place,какая легенда у Верхненильдина
legend_place,объясни легенду объекта Деминская
legend_place,что за легенда у Игрим
legend_place,расскажи историю объекта Кимкьясуй
legend_place,раскажи легенду для Ломбовож
legend_place,легенда для абьекта Нерохи
legend_place,объесни легенду абьекта Няксимволь
legend_place,што за легенда у Приполярный
legend_place,раскажи историю абьекта Пугоры
legend_place,покажи легенду для Саранпауль
legend_place,расскажи легенду для Сартынья
legend_place,легенда для объекта Светлый
legend_place,какая легенда у Сосьва
legend_place,объясни легенду объекта Теги
legend_place,что за легенда у Устрём
legend_place,расскажи историю объекта Усть-Манья
legend_place,раскажи легенду для Хулимсунт
legend_place,легенда для абьекта Хурумпауль
legend_place,объесни легенду абьекта Шайтанка
legend_place,што за легенда у Щекурья
legend_place,раскажи историю абьекта Ясунт
legend_place,покажи легенду для Алтай
legend_place,расскажи легенду для Болчары
legend_place,легенда для объекта Дальний
legend_place,какая легенда у Ильичёвка
legend_place,объясни легенду объекта Кама
legend_place,что за легенда у Карым
legend_place,расскажи историю объекта Кондинское
legend_place,раскажи легенду для Куминский
legend_place,легенда для абьекта Леуши
legend_place,объесни легенду абьекта Лиственичный
legend_place,што за легенда у Луговой
legend_place,раскажи историю абьекта Междуреченский
legend_place,покажи легенду для Мортка
legend_place,расскажи легенду для Мулымья
legend_place,легенда для объекта Назарово
legend_place,какая легенда у Никулкина
legend_place,объясни легенду объекта Половинка
legend_place,что за легенда у Сотник
legend_place,расскажи историю объекта Старый Катыш
legend_place,раскажи легенду для Супра
legend_place,легенда для абьекта Ушья
legend_place,объесни легенду абьекта Чантырья
legend_place,што за легенда у Шаим
legend_place,раскажи историю абьекта Шугур
legend_place,покажи легенду для Юмас
legend_place,расскажи легенду для Ягодный
legend_place,легенда для объекта Ямки
legend_place,какая легенда у Аган
legend_place,объясни легенду объекта Большетархово
legend_place,что за легенда у Большой Ларьяк
legend_place,расскажи историю объекта Былино
legend_place,раскажи легенду для Вампугол
legend_place,легенда для абьекта Варьёган
legend_place,объесни легенду абьекта Вата
legend_place,што за легенда у Ваховск
legend_place,раскажи историю абьекта Зайцева Речка
legend_place,покажи легенду для Излучинск
legend_place,расскажи легенду для Корлики
legend_place,легенда для объекта Ларьяк
legend_place,какая легенда у Новоаганск
legend_place,объясни легенду объекта Охтеурье
legend_place,что за легенда у Пасол
legend_place,расскажи историю объекта Покур
legend_place,раскажи легенду для Соснина
legend_place,легенда для абьекта Сосновый Бор
legend_place,объесни легенду абьекта Чехломей
legend_place,што за легенда у Алтай
legend_place,раскажи историю абьекта Белогорье
legend_place,покажи легенду для Бобровский
legend_place,расскажи легенду для Выкатной
legend_place,легенда для объекта Горноправдинск
legend_place,какая легенда у Долгое Плесо
legend_place,объясни легенду объекта Елизарово
legend_place,что за легенда у Зенково
legend_place,расскажи историю объекта Кедровый
legend_place,раскажи легенду для Кирпичный
legend_place,легенда для абьекта Красноленинский
legend_place,объесни легенду абьекта Кышик
legend_place,што за легенда у Луговской
legend_place,раскажи историю абьекта Лугофилинская
legend_place,покажи легенду для Нялина
legend_place,расскажи легенду для Нялинское
legend_place,легенда для объекта Пырьях
legend_place,какая легенда у Реполово
legend_place,объясни легенду объекта Селиярово
legend_place,что за легенда у Сибирский
legend_place,расскажи историю объекта Согом
legend_place,раскажи легенду для Троица
legend_place,легенда для абьекта Тюли
legend_place,объесни легенду абьекта Урманный
legend_place,што за легенда у Цингалы
legend_place,раскажи историю абьекта Чембакчина
legend_place,покажи легенду для Шапша
legend_place,расскажи легенду для Ягурьях
legend_place,легенда для объекта Ярки
detailed_info,расскажи подробнее о улице Авиаторов
detailed_info,покажи подробности о улице Авиаторов
detailed_info,подробная информация о улице Авиаторов
detailed_info,что ты знаешь о улице Авиаторов
detailed_info,дай больше информации о улице Авиаторов
detailed_info,объясни подробнее про улицу Авиаторов
detailed_info,хочу знать больше о улице Авиаторов
detailed_info,покажи падробности о улице Авиаторов
detailed_info,падробная информация о улице Авиаторов
detailed_info,што ты знаеш о улице Авиаторов
detailed_info,дай болше информации о улице Авиаторов
detailed_info,объесни падробнее про улицу Авиаторов
detailed_info,хочу знаеть болше о улице Авиаторов
detailed_info,расскажи подробнее о улице Авиационная
detailed_info,покажи подробности о улице Авиационная
detailed_info,подробная информация о улице Авиационная
detailed_info,что ты знаешь о улице Авиационная
detailed_info,дай больше информации о улице Авиационная
detailed_info,объясни подробнее про улицу Авиационная
detailed_info,хочу знать больше о улице Авиационная
detailed_info,покажи падробности о улице Авиационная
detailed_info,падробная информация о улице Авиационная
detailed_info,што ты знаеш о улице Авиационная
detailed_info,дай болше информации о улице Авиационная
detailed_info,объесни падробнее про улицу Авиационная
detailed_info,хочу знаеть болше о улице Авиационная
detailed_info,расскажи подробнее о переулке Авиационный
detailed_info,покажи подробности о переулке Авиационный
detailed_info,подробная информация о переулке Авиационный
detailed_info,что ты знаешь о переулке Авиационный
detailed_info,дай больше информации о переулке Авиационный
detailed_info,объясни подробнее про переулок Авиационный
detailed_info,хочу знать больше о переулке Авиационный
detailed_info,покажи падробности о переулке Авиационный
detailed_info,падробная информация о переулке Авиационный
detailed_info,што ты знаеш о переулке Авиационный
detailed_info,дай болше информации о переулке Авиационный
detailed_info,объесни падробнее про переулок Авиационный
detailed_info,хочу знаеть болше о переулке Авиационный
detailed_info,расскажи подробнее о улице Автодорожная
detailed_info,покажи подробности о улице Автодорожная
detailed_info,подробная информация о улице Автодорожная
detailed_info,что ты знаешь о улице Автодорожная
detailed_info,дай больше информации о улице Автодорожная
detailed_info,объясни подробнее про улицу Автодорожная
detailed_info,хочу знать больше о улице Автодорожная
detailed_info,покажи падробности о улице Автодорожная
detailed_info,падробная информация о улице Автодорожная
detailed_info,што ты знаеш о улице Автодорожная
detailed_info,дай болше информации о улице Автодорожная
detailed_info,объесни падробнее про улицу Автодорожная
detailed_info,хочу знаеть болше о улице Автодорожная
detailed_info,расскажи подробнее о улице Автомобилистов
detailed_info,покажи подробности о улице Автомобилистов
detailed_info,подробная информация о улице Автомобилистов
detailed_info,что ты знаешь о улице Автомобилистов
detailed_info,дай больше информации о улице Автомобилистов
detailed_info,объясни подробнее про улицу Автомобилистов
detailed_info,хочу знать больше о улице Автомобилистов
detailed_info,покажи падробности о улице Автомобилистов
detailed_info,падробная информация о улице Автомобилистов
detailed_info,што ты знаеш о улице Автомобилистов
detailed_info,дай болше информации о улице Автомобилистов
detailed_info,объесни падробнее про улицу Автомобилистов
detailed_info,хочу знаеть болше о улице Автомобилистов
detailed_info,расскажи подробнее о улице Аграрная
detailed_info,покажи подробности о улице Аграрная
detailed_info,подробная информация о улице Аграрная
detailed_info,что ты знаешь о улице Аграрная
detailed_info,дай больше информации о улице Аграрная
detailed_info,объясни подробнее про улицу Аграрная
detailed_info,хочу знать больше о улице Аграрная
detailed_info,покажи падробности о улице Аграрная
detailed_info,падробная информация о улице Аграрная
detailed_info,што ты знаеш о улице Аграрная
detailed_info,дай болше информации о улице Аграрная
detailed_info,объесни падробнее про улицу Аграрная
detailed_info,хочу знаеть болше о улице Аграрная
detailed_info,расскажи подробнее о школе номер 1
detailed_info,покажи подробности о школе номер 1
detailed_info,подробная информация о школе номер 1
detailed_info,что ты знаешь о школе номер 1
detailed_info,дай больше информации о школе номер 1
detailed_info,объясни подробнее про школу номер 1
detailed_info,хочу знать больше о школе номер 1
detailed_info,покажи падробности о школе номер 1
detailed_info,падробная информация о школе номер 1
detailed_info,што ты знаеш о школе номер 1
detailed_info,дай болше информации о школе номер 1
detailed_info,объесни падробнее про школу номер 1
detailed_info,хочу знаеть болше о школе номер 1
detailed_info,расскажи подробнее о сити молл
detailed_info,покажи подробности о сити молл
detailed_info,подробная информация о сити молл
detailed_info,что ты знаешь о сити молл
detailed_info,дай больше информации о сити молл
detailed_info,объясни подробнее про сити молл
detailed_info,хочу знать больше о сити молл
detailed_info,покажи падробности о сити молл
detailed_info,падробная информация о сити молл
detailed_info,што ты знаеш о сити молл
detailed_info,дай болше информации о сити молл
detailed_info,объесни падробнее про сити молл
detailed_info,хочу знаеть болше о сити молл
detailed_info,расскажи подробнее о аура
detailed_info,покажи подробности о аура
detailed_info,подробная информация о аура
detailed_info,что ты знаешь о аура
detailed_info,дай больше информации о аура
detailed_info,объясни подробнее про аура
detailed_info,хочу знать больше о аура
detailed_info,покажи падробности о аура
detailed_info,падробная информация о аура
detailed_info,што ты знаеш о аура
detailed_info,дай болше информации о аура
detailed_info,объесни падробнее про аура
detailed_info,хочу знаеть болше о аура
detailed_info,расскажи подробнее о мемориал
detailed_info,покажи подробности о мемориал
detailed_info,подробная информация о мемориал
detailed_info,что ты знаешь о мемориал
detailed_info,дай больше информации о мемориал
detailed_info,объясни подробнее про мемориал
detailed_info,хочу знать больше о мемориал
detailed_info,покажи падробности о мемориал
detailed_info,падробная информация о мемориал
detailed_info,што ты знаеш о мемориал
detailed_info,дай болше информации о мемориал
detailed_info,объесни паднее про мемориал
detailed_info,хочу знаеть болше о мемориал
detailed_info,расскажи подробнее о памятник
detailed_info,покажи подробности о памятник
detailed_info,подробная информация о памятник
detailed_info,что ты знаешь о памятник
detailed_info,дай больше информации о памятник
detailed_info,объясни подробнее про памятник
detailed_info,хочу знать больше о памятник
detailed_info,покажи падробности о памятник
detailed_info,падробная информация о памятник
detailed_info,што ты знаеш о памятник
detailed_info,дай болше информации о памятник
detailed_info,объясни паднее про памятник
detailed_info,хочу знаеть болше о памятник
detailed_info,расскажи подробнее о проспект ленина
detailed_info,покажи подробности о проспект ленина
detailed_info,подробная информация о проспект ленина
detailed_info,что ты знаешь о проспект ленина
detailed_info,дай больше информации о проспект ленина
detailed_info,объясни подробнее про проспект ленина
detailed_info,хочу знать больше о проспект ленина
detailed_info,покажи падробности о проспект ленина
detailed_info,падробная информация о проспект ленина
detailed_info,што ты знаеш о проспект ленина
detailed_info,дай болше информации о проспект ленина
detailed_info,объясни паднее про проспект ленина
detailed_info,хочу знаеть болше о проспект ленина
detailed_info,расскажи подробнее о баня
detailed_info,покажи подробности о баня
detailed_info,подробная информация о баня
detailed_info,что ты знаешь о баня
detailed_info,дай больше информации о баня
detailed_info,объясни подробнее про баня
detailed_info,хочу знать больше о баня
detailed_info,покажи падробности о баня
detailed_info,падробная информация о баня
detailed_info,што ты знаеш о баня
detailed_info,дай болше информации о баня
detailed_info,объясни паднее про баня
detailed_info,хочу знаеть болше о баня
detailed_info,расскажи подробнее о кабанчик
detailed_info,покажи подробности о кабанчик
detailed_info,подробная информация о кабанчик
detailed_info,что ты знаешь о кабанчик
detailed_info,дай больше информации о кабанчик
detailed_info,объясни подробнее про кабанчик
detailed_info,хочу знать больше о кабанчик
detailed_info,покажи падробности о кабанчик
detailed_info,падробная информация о кабанчик
detailed_info,што ты знаеш о кабанчик
detailed_info,дай болше информации о кабанчик
detailed_info,объясни паднее про кабанчик
detailed_info,хочу знаеть болше о кабанчик
detailed_info,расскажи подробнее о школе номер 2
detailed_info,покажи подробности о школе номер 2
detailed_info,подробная информация о школе номер 2
detailed_info,что ты знаешь о школе номер 2
detailed_info,дай больше информации о школе номер 2
detailed_info,объясни подробнее про школу номер 2
detailed_info,хочу знать больше о школе номер 2
detailed_info,покажи падробности о школе номер 2
detailed_info,падробная информация о школе номер 2
detailed_info,што ты знаеш о школе номер 2
detailed_info,дай болше информации о школе номер 2
detailed_info,объясни паднее про школу номер 2
detailed_info,хочу знаеть болше о школе номер 2
search_radius,найди все адреса в Юильск
search_radius,какие адреса есть в Юильск
search_radius,поиск адресов в Юильск
search_radius,адреса поблизости Юильск
search_radius,найди объекты рядом с Юильск
search_radius,что есть поблизости от Юильск
search_radius,поиск вокруг Юильск
search_radius,какие адреса есть в Белоярский
search_radius,поиск адресов в Белоярский
search_radius,адреса поблизи Белоярский
search_radius,найди объекты рядом с Белоярский
search_radius,что есть поблизости от Белоярский
search_radius,поиск вокруг Белоярский
search_radius,найди все адреса в Светлый
search_radius,какие адреса есть в Светлый
search_radius,поиск адресов в Светлый
search_radius,адреса поблизости Светлый
search_radius,найди объекты рядом с Светлый
search_radius,что есть поблизости от Светлый
search_radius,поиск вокруг Светлый
search_radius,какие адреса есть в Когалым
search_radius,поиск адресов в Когалым
search_radius,адреса поблизи Когалым
search_radius,найди объекты рядом с Когалым
search_radius,что есть поблизости от Когалым
search_radius,поиск вокруг Когалым
search_radius,найди все адреса в Ванзетур
search_radius,какие адреса есть в Ванзетур
search_radius,поиск адресов в Ванзетур
search_radius,адреса поблизости Ванзетур
search_radius,найди объекты рядом с Ванзетур
search_radius,что есть поблизости от Ванзетур
search_radius,поиск вокруг Ванзетур
search_radius,какие адреса есть в Лангепас
search_radius,поиск адресов в Лангепас
search_radius,адреса поблизи Лангепас
search_radius,найди объекты рядом с Лангепас
search_radius,что есть поблизости от Лангепас
search_radius,поиск вокруг Лангепас
search_radius,найди все адреса в Деминская
search_radius,какие адреса есть в Деминская
search_radius,поиск адресов в Деминская
search_radius,адреса поблизости Деминская
search_radius,найди объекты рядом с Деминская
search_radius,что есть поблизости от Деминская
search_radius,поиск вокруг Деминская
search_radius,какие адреса есть в Мегион
search_radius,поиск адресов в Мегион
search_radius,адреса поблизи Мегион
search_radius,найди объекты рядом с Мегион
search_radius,что есть поблизости от Мегион
search_radius,поиск вокруг Мегион
search_radius,найди все адреса в Игрим
search_radius,какие адреса есть в Игрим
search_radius,поиск адресов в Игрим
search_radius,адреса поблизости Игрим
search_radius,найди объекты рядом с Игрим
search_radius,что есть поблизости от Игрим
search_radius,поиск вокруг Игрим
search_radius,какие адреса есть в Нефтеюганск
search_radius,поиск адресов в Нефтеюганск
search_radius,адреса поблизи Нефтеюганск
search_radius,найди объекты рядом с Нефтеюганск
search_radius,что есть поблизости от Нефтеюганск
search_radius,поиск вокруг Нефтеюганск
search_radius,найди все адреса в Нижневартовск
search_radius,какие адреса есть в Нижневартовск
search_radius,поиск адресов в Нижневартовск
search_radius,адреса поблизости Нижневартовск
search_radius,найди объекты рядом с Нижневартовск
search_radius,что есть поблизости от Нижневартовск
search_radius,поиск вокруг Нижневартовск
search_radius,какие адреса есть в Нягань
search_radius,поиск адресов в Нягань
search_radius,адреса поблизи Нягань
search_radius,найди объекты рядом с Нягань
search_radius,что есть поблизости от Нягань
search_radius,поиск вокруг Нягань
search_radius,найди все адреса в Ванзетур
search_radius,какие адреса есть в Ванзетур
search_radius,поиск адресов в Ванзетур
search_radius,адреса поблизости Ванзетур
search_radius,найди объекты рядом с Ванзетур
search_radius,что есть поблизости от Ванзетур
search_radius,поиск вокруг Ванзетур
search_radius,какие адреса есть в Покачи
search_radius,поиск адресов в Покачи
search_radius,адреса поблизи Покачи
search_radius,найди объекты рядом с Покачи
search_radius,что есть поблизости от Покачи
search_radius,поиск вокруг Покачи
search_radius,найди все адреса в Пыть-Ях
search_radius,какие адреса есть в Пыть-Ях
search_radius,поиск адресов в Пыть-Ях
search_radius,адреса поблизости Пыть-Ях
search_radius,найди объекты рядом с Пыть-Ях
search_radius,что есть поблизости от Пыть-Ях
search_radius,поиск вокруг Пыть-Ях
search_radius,какие адреса есть в Сорум
search_radius,поиск адресов в Сорум
search_radius,адреса поблизи Сорум
search_radius,найди объекты рядом с Сорум
search_radius,что есть поблизости от Сорум
search_radius,поиск вокруг Сорум
search_radius,найди все адреса в Радужный
search_radius,какие адреса есть в Радужный
search_radius,поиск адресов в Радужный
search_radius,адреса поблизости Радужный
search_radius,найди объекты рядом с Радужный
search_radius,что есть поблизости от Радужный
search_radius,поиск вокруг Радужный
search_radius,какие адреса есть в Лыхма
search_radius,поиск адресов в Лыхма
search_radius,адреса поблизи Лыхма
search_radius,найди объекты рядом с Лыхма
search_radius,что есть поблизости от Лыхма
search_radius,поиск вокруг Лыхма
search_radius,найди все адреса в Сургут
search_radius,какие адреса есть в Сургут
search_radius,поиск адресов в Сургут
search_radius,адреса поблизости Сургут
search_radius,найди объекты рядом с Сургут
search_radius,что есть поблизости от Сургут
search_radius,поиск вокруг Сургут
search_radius,какие адреса есть в Пашторы
search_radius,поиск адресов в Пашторы
search_radius,адреса поблизи Пашторы
search_radius,найди объекты рядом с Пашторы
search_radius,что есть поблизости от Пашторы
search_radius,поиск вокруг Пашторы
search_radius,найди все адреса в Верхнеказымский
search_radius,какие адреса есть в Верхнеказымский
search_radius,поиск адресов в Верхнеказымский
search_radius,адреса поблизости Верхнеказымский
search_radius,найди объекты рядом с Верхнеказымский
search_radius,что есть поблизости от Верхнеказымский
search_radius,поиск вокруг Верхнеказымский
search_radius,какие адреса есть в Урай
search_radius,поиск адресов в Урай
search_radius,адреса поблизи Урай
search_radius,найди объекты рядом с Урай
search_radius,что есть поблизости от Урай
search_radius,поиск вокруг Урай
search_radius,найди все адреса в Анеева
search_radius,какие адреса есть в Анеева
search_radius,поиск адресов в Анеева
search_radius,адреса поблизости Анеева
search_radius,найди объекты рядом с Анеева
search_radius,что есть поблизости от Анеева
search_radius,поиск вокруг Анеева
search_radius,какие адреса есть в Ханты-Мансийск Город
search_radius,поиск адресов в Ханты-Мансийск Город
search_radius,адреса поблизи Ханты-Мансийск Город
search_radius,найди объекты рядом с Ханты-Мансийск Город
search_radius,что есть поблизости от Ханты-Мансийск
path,как добраться от Авиаторов Улица 1 до Авиационная Улица 2
path,построй маршрут до Авиационный Переулок 3
path,как дойти до Автодорожная Улица 4
path,как пройти к Автомобилистов Улица 5
path,покажи маршрут от Аграрная Улица 6 до Административный Проезд 7
path,как мне попасть в Александра Усольцева Улица 8
path,как доехать до Анатолия Бокова Улица 9
path,маршрут до Андреевский Заезд 10
path,как дабраться от Артема Улица 11 до Ас-Ях Садовое товарищество 12
path,пастрой маршрут до Аэродромная Улица 13
path,как прайти к Аэрофлотская Улица 14
path,покажи маршут от Бажова Улица 15 до Базовая Улица 16
path,как мне патрапить в Бахилова Улица 17
path,как доехат до Белоярская Улица 18
path,как добраться от Береговая Улица 19 до Береговая (п ЦПКРС) Улица 20
path,построй маршрут до Березовая Улица 21
path,как дойти до Березовская Улица 22
path,как пройти к Березовый Проезд 23
path,покажи маршрут от Бориса Проводникова Улица 24 до Боровая Улица 25
path,как мне попасть в Брусничная Улица 26
path,как доехать до Брусничное Садовое товарищество 27
path,маршрут до Брусовая Улица 28
path,как дабраться от Буровая Улица 29 до Буровиков Улица 30
path,пастрой маршрут до Быстринская Улица 31
path,как прайти к Василия Голикова Улица 32
path,покажи маршут от Вербный Проезд 33 до Весенний Проезд 34
path,как мне патрапить в Взлетная Улица 35
path,как доехат до Взлетный Проезд 36
path,как добраться от Взлетный Поселок 37 до Виктора Васильева Проезд 38
path,построй маршрут до Восточная Улица 39
path,как дойти до Восточная (п Снежный) Улица 40
path,как пройти к Восточный промрайон Территория 41
path,покажи маршрут от Восход Улица 42 до Высоковольтная Улица 43
path,как мне попасть в Гагарина Улица 44
path,как доехать до Газовиков Набережная 45
path,маршрут до Гайдара Улица 46
path,как дабраться от Гаражная Улица 47 до Генерала Иванова Улица 48
path,пастрой маршрут до Геодезистов Улица 49
path,как прайти к Геологическая Улица 50
path,покажи маршут от Геологов Улица 1 до Геофизиков Улица 2
path,как мне патрапить в Гидромеханизаторов Улица 3
path,как доехат до Гидростроителей Улица 4
path,как добраться от Госснаб Территория 5 до Грибоедова Улица 6
path,построй маршрут до Григория Кукуевицкого Улица 7
path,как дойти до Губкина Улица 8
path,как пройти к ДНП Кедр 1 Территория 9
path,покажи маршрут от ДНТ Алтай Территория 10 до ДНТ Дружба Территория 11
path,как мне попасть в ДНТ Радуга Территория 12
path,как доехать до ДНТ Светлое Территория 13
path,маршрут до ДНТ Свой дом Территория 14
path,как дабраться от ДНТ Тихий бор Территория 15 до Дальняя Улица 16
path,пастрой маршрут до Дачная Улица 17
path,как прайти к Декабристов Улица 18
path,покажи маршут от Дзержинского Улица 19 до Дмитрия Коротчаева Улица 20
path,как мне патрапить в Домостроителей Улица 21
path,как доехат до Дорожная Улица 22
path,как добраться от Дорожный Переулок 23 до Дорожный Территория 24
path,построй маршрут до Дорожный Поселок 25
path,как дойти до Дружбы Проезд 26
path,как пройти к Еловая Улица 27
path,покажи маршрут от Есенина Улица 28 до Железнодорожная Улица 29
path,как мне попасть в Железнодорожная (п Таежный) Улица 30
path,как доехать до За ручьем Улица 31
path,маршрут до Заводская Улица 32
path,как дабраться от Загородная Улица 33 до Замятинская Улица 34
path,пастрой маршрут до Западная Улица 35
path,как прайти к Западный промрайон Поселок 36
path,покажи маршут от Затонская Улица 37 до Заячий остров Улица 38
path,как мне патрапить в Звездный Территория 39
path,как доехат до Зеленая Улица 40
path,как добраться от Зеленый Территория 41 до Зеленый Переулок 42
path,построй маршрут до Земляничный Проезд 43
path,как дойти до Зои Космодемьянской Улица 44
path,как пройти к Ивана Захарова Улица 45
path,покажи маршрут от Ивана Кайдалова Набережная 46 до Ивана Шидловского Улица 47
path,как мне попасть в Игоря Киртбая Улица 48
path,как доехать до Изобретателей Улица 49
path,маршрут до Имени Георгия Еремина Аллея 50
path,как дабраться от имени Глухова Улица 1 до Индустриальная Улица 2
path,пастрой маршрут до Инженерная Улица 3
path,как прайти к Иосифа Каролинского Улица 4
path,покажи маршут от Июльская Улица 5 до имени Виктора Пархомовича Улица 6
path,как мне патрапить в Калиновый Проезд 7
path,как доехат до Камышовая Улица 8
path,как добраться от Кедровая Улица 9 до Кедровый Проезд 10
path,построй маршрут до Кедровый Поселок 11
path,как дойти до Кедровый-2 Территория 12
path,как пройти к Кленовая Улица 13
path,покажи маршрут от Кольцевая Улица 14 до Коммунальная Улица 15
path,как мне попасть в Коммунаров Улица 16
path,как доехать до Комплектовочная Улица 17
path,маршрут до Комсомольская Улица 18
path,как дабраться от Комсомольский Проспект 19 до Контейнерная Улица 20
path,пастрой маршрут до Космонавтов Улица 21
path,как прайти к Красная Улица 22
path,покажи маршут от Красных Партизан Улица 23 до Крылова Улица 24
path,как мне патрапить в Крылья Сургута - Гидронамыв Территория ТСН 25
path,как доехат до Крылья Сургута-2 Садовое товарищество 26
path,как добраться от Курортная Улица 27 до Калиновый Проезд 28
